frame_name,source_video
frame_000001.jpg,Recording 2026-04-20 223251.mp4
frame_000002.jpg,Recording 2026-04-20 223251.mp4
frame_000003.jpg,Recording 2026-04-20 223251.mp4
frame_000004.jpg,Recording 2026-04-20 223251.mp4
frame_000005.jpg,Recording 2026-04-20 223251.mp4
frame_000006.jpg,Recording 2026-04-20 223251.mp4
frame_000007.jpg,Recording 2026-04-20 223251.mp4
frame_000008.jpg,Recording 2026-04-20 223251.mp4
frame_000009.jpg,Recording 2026-04-20 223251.mp4
frame_000010.jpg,Recording 2026-04-20 223251.mp4
frame_000011.jpg,Recording 2026-04-20 223251.mp4
frame_000012.jpg,Recording 2026-04-20 223251.mp4
frame_000013.jpg,Recording 2026-04-20 223251.mp4
frame_000014.jpg,Recording 2026-04-20 223251.mp4
frame_000015.jpg,Recording 2026-04-20 223251.mp4
frame_000016.jpg,Recording 2026-04-20 223251.mp4
frame_000017.jpg,Recording 2026-04-20 223251.mp4
frame_000018.jpg,Recording 2026-04-20 223251.mp4
frame_000019.jpg,Recording 2026-04-20 223251.mp4
frame_000020.jpg,Recording 2026-04-20 223251.mp4
frame_000021.jpg,Recording 2026-04-20 223251.mp4
frame_000022.jpg,Recording 2026-04-20 223251.mp4
frame_000023.jpg,Recording 2026-04-20 223251.mp4
frame_000024.jpg,Recording 2026-04-20 223251.mp4
frame_000025.jpg,Recording 2026-04-20 223251.mp4
frame_000026.jpg,Recording 2026-04-20 223251.mp4
frame_000027.jpg,Recording 2026-04-20 223251.mp4
frame_000028.jpg,Recording 2026-04-20 223251.mp4
frame_000029.jpg,Recording 2026-04-20 223251.mp4
frame_000030.jpg,Recording 2026-04-20 223251.mp4
frame_000031.jpg,Recording 2026-04-20 223251.mp4
frame_000032.jpg,Recording 2026-04-20 223251.mp4
frame_000033.jpg,Recording 2026-04-20 223251.mp4
frame_000034.jpg,Recording 2026-04-20 223251.mp4
frame_000035.jpg,Recording 2026-04-20 223251.mp4
frame_000036.jpg,Recording 2026-04-20 223251.mp4
frame_000037.jpg,Recording 2026-04-20 223251.mp4
frame_000038.jpg,Recording 2026-04-20 223251.mp4
frame_000039.jpg,Recording 2026-04-20 223251.mp4
frame_000040.jpg,Recording 2026-04-20 223251.mp4
frame_000041.jpg,Recording 2026-04-20 223251.mp4
frame_000042.jpg,Recording 2026-04-20 223251.mp4
frame_000043.jpg,Recording 2026-04-20 223251.mp4
frame_000044.jpg,Recording 2026-04-20 223251.mp4
frame_000045.jpg,Recording 2026-04-20 223251.mp4
frame_000046.jpg,Recording 2026-04-20 223251.mp4
frame_000047.jpg,Recording 2026-04-20 223251.mp4
frame_000048.jpg,Recording 2026-04-20 223251.mp4
frame_000049.jpg,Recording 2026-04-20 223251.mp4
frame_000050.jpg,Recording 2026-04-20 223251.mp4
frame_000051.jpg,Recording 2026-04-20 223251.mp4
frame_000052.jpg,Recording 2026-04-20 223251.mp4
frame_000053.jpg,Recording 2026-04-20 223251.mp4
frame_000054.jpg,Recording 2026-04-20 223251.mp4
frame_000055.jpg,Recording 2026-04-20 223251.mp4
frame_000056.jpg,Recording 2026-04-20 223251.mp4
frame_000057.jpg,Recording 2026-04-20 223251.mp4
frame_000058.jpg,Recording 2026-04-20 223251.mp4
frame_000059.jpg,Recording 2026-04-20 223251.mp4
frame_000060.jpg,Recording 2026-04-20 223251.mp4
frame_000061.jpg,Recording 2026-04-20 223251.mp4
frame_000062.jpg,Recording 2026-04-20 223251.mp4
frame_000063.jpg,Recording 2026-04-20 223251.mp4
frame_000064.jpg,Recording 2026-04-20 223251.mp4
frame_000065.jpg,Recording 2026-04-20 223251.mp4
frame_000066.jpg,Recording 2026-04-20 223251.mp4
frame_000067.jpg,Recording 2026-04-20 223251.mp4
frame_000068.jpg,Recording 2026-04-20 223251.mp4
frame_000069.jpg,Recording 2026-04-20 223251.mp4
frame_000070.jpg,Recording 2026-04-20 223251.mp4
frame_000071.jpg,Recording 2026-04-20 223251.mp4
frame_000072.jpg,Recording 2026-04-20 223251.mp4
